Customer ID,Postal Code
LO028977,S8
OH046670,DN36
FH015492,RG20
ZZ015342,BH21
TV075977,LE15
HL006234,BT66
AA070185,S8
EG051605,WC1B
UF034417,PH43
CG060898,LS9
EE025228,M14
CX034161,BD23
LT073005,W1F
YL006843,BD7
YL065975,DT10
YC083120,PR1
BT046086,DN22
WL011058,NR34
XT003630,NN4
ON076441,GL54
TI096309,B40
AM053527,L74
GA094839,TF6
CA010518,CT16
RC069836,BH21
XW060260,BD23
FR008830,DT10
YC016347,BD23
PW001906,CT15
LV083814,EH52
YO052337,WC2H
YJ078139,DL8
QP093917,BD23
LM010826,BD23
IA020578,TF6
SZ015455,AB39
DU053934,S8
FR010822,NE46
PO009558,CT15
MC022478,L33
LT063474,S1
PN010412,NN4
IR004773,M34
ES037170,AB55
XH062520,KW10
ZX008337,AB55
DI067107,IV1
LE047809,B12
EB064981,ST20
KX027147,NG22
IL009957,NN11
AC082690,EC3M
VA049493,SW1E
ZJ097568,WC1B
WZ006306,CV35
XJ066938,SG4
MQ028717,DL10
NB014517,NG22
PB063442,ST20
UA071149,EC3M
DT034609,CV35
AS095657,PH43
LT061731,BS37
RU058520,B12
WT037292,BD23
DF076925,M14
CM032751,L33
OF087559,CB4
BD074505,LE16
MJ019298,BD7
OC007575,B40
JQ000431,BS14
JX027350,BD23
AC065424,BD7
QR064670,RH5
IL085160,L33
TV097382,GU32
RV043501,CV35
LJ099998,LS6
NF066979,LN6
CY070612,LE15
DO001772,SY4
QJ030114,BS41
AP095673,BD23
RO013242,BD23
EF042732,CV35
TA007457,SY4
SE071898,SG4
HF000394,L74
YD055268,SG4
SJ097729,DN22
MU027586,B12
CH053616,AB56
SW066440,CT15
LR063902,B40
YK006641,WC1B
QP097532,S8
PW078874,L33
UX079399,AB55
MR095188,B40
KP021070,NN4
CJ007867,NG34
ON014862,OX7
XE095413,DL10
CI029431,CT16
VQ012259,SN13
MX021696,GL54
YX078642,DL10
DG015801,SW1E
GO006694,EH9
PS058519,TF6
YR000590,SW19
RK016062,NN4
VO026219,EC1V
JY078378,PR1
AC032117,SW19
AG018641,IV1
VQ077263,DN21
JA054648,DL10
MB099438,PH43
HU066299,EC3M
NH032711,IV1
GT004985,M14
XB095293,SY4
VY088461,BT2
AK047185,BS37
RP069641,S1
LY032208,LE15
FZ057864,GL54
TK000744,EC1V
UM003359,CH48
BK006338,BD23
SL056460,LN6
LW071445,SY4
OA076119,BT66
IC023332,LN6
XT059837,SN13
RJ028775,B40
YU047262,NR34
LH034480,NG22
IN017659,BD23
XQ042731,NG34
EO027251,OX7
GL049016,IV1
AX035056,NR29
QZ098914,PH43
BW040945,CT16
RG074102,DL8
JJ088756,BS37
MX029359,LE15
NV061613,N3
RL033705,NN11
QY049868,AB56
PC066841,TF6
AW056186,GU32
QN014838,BS37
YB068814,CB4
EY021607,PR1
FX080042,GU32
PH033131,WC1B
KI039617,GU32
CX029462,WF9
TU039036,S1
VH068058,EC1V
IJ021121,GU32
AO040681,NR34
GF083063,DN36
IM018779,NN11
WW058734,B12
VN077787,OX12
NS069640,BD23
DV035511,WC1B
VL030233,CV35
XI060063,EH52
EQ042956,BT66
WV028647,WC1B
LZ016012,PH43
TD068892,CT15
UB006545,B12
MI077636,OX7
DS088458,SN13
BJ097202,G4
IE054911,KW10
LY095086,LS6
BK070785,S33
XX019740,DN22
PQ042587,L33
IK076547,RH5
KT034728,NR29
DE053807,WC1B
MG032187,DN21
GE099058,L33
RH078718,KW10
GE054896,SG4
FG094679,LE16
AU020860,N3
WE015191,EH52
CT082216,GU32
GD051430,EC1V
CS092679,LN6
HH019414,AB39
BC098676,KW10
EL072097,BS14
EH003110,SG4
SC091752,DT10
AH043184,BD23
IA056476,DN21
WI076001,SY4
KF007013,WC1B
ZO077373,G4
CZ054222,BT2
LI027396,DN22
AP000049,LE15
HY047879,LS9
UI012965,SW1E
IG071259,M14
OS093484,WF9
XW065274,NG22
LH043536,AB56
ES011889,OX7
WX069469,OX12
VZ013231,AB56
ZU048884,NR29
FY080136,LS9
OS018365,EH52
QC015889,M14
RV066355,DL10
FA035790,BD23
KR032421,EH52
DU007963,NE46
CK064882,S8
QA056461,SY4
YH023012,BS41
MM027639,S33
SY098673,PH43
RU014698,LN6
OK062011,BT2
PB085687,BT2
UF054954,RG20
BS091864,L74
XF023093,RH5
MT028981,NG22
OI064452,WC2H
EW092810,IV1
OR048214,LE15
FQ076657,L74
HB010382,BH21
UU017077,CV35
KX038689,BD7
QP099191,DN21
ZK018032,CV35
PK032320,TF6
IZ050669,LS9
ZU044069,AB55
PD029610,LS9
EA084656,SG4
BQ020024,S8
ON036523,RG20
DG084549,EH9
SH044828,BS41
HC025261,BH21
UJ056106,S1
TF040283,SN1
ON085793,OX12
KW041893,RH5
FL017847,BT66
AS023969,RG20
EZ016172,BD23
MZ059755,CB4
SV087663,DL10
LB094313,AB56
FR022820,N3
PL062395,B40
QJ086664,CV35
QP011273,EC3M
UD042022,RH5
FC017934,SN13
QU055720,CV35
DK052714,BD23
ZD091276,BS37
BE030274,M34
HS084179,RH5
YR022592,RH5
JW093275,CT15
JD036953,B12
NG048278,B12
IP099218,IV1
UG081307,BD23
VH082132,IV1
EG074592,DL8
XX025759,BD23
DA056215,L33
FV080737,AB56
YG065949,PH43
KF020921,CB4
IU068896,LE14
MC053747,AB55
IO007481,SG4
MI051892,PR1
ZG005436,B40
KM028653,LE14
UT094280,SY4
IW074591,LE15
AM087505,WC1B
KE097740,LE15
WJ002428,KW10
LR047669,CT16
KD049859,NR34
OH082802,B12
ET081928,M14
AI086285,IV1
DM011507,NR29
CN007665,AB39
GQ074380,CH48
QD096193,BT66
VH053108,SG4
JK055353,BS37
LZ057158,BT66
OA095700,CV35
PB056769,DN36
JJ041546,CT15
ZT038141,GL54
SC035811,DN36
FQ085678,M14
AZ010927,AB39
DP081891,NE46
HT032845,GL54
UQ060377,LE15
DL069151,KW10
GL001659,BD7
LR010971,DN36
ZT062653,SW19
UD058328,PH43
LC070027,WF9
PT027115,DT10
YY017812,S8
UE086249,OX12
DM025201,WF9
FH008167,WF9
JD087400,SG4
YL039169,PH43
DB007527,OX7
MQ026669,BT2
WU037718,LE14
IK020923,NG22
YZ074670,L33
GV013637,EC1V
IB052398,B12
ON048367,AB56
QA083352,L33
IS067894,B40
OC075408,BD7
RW041477,BH21
WC070179,GL54
TM070339,TF6
CN088504,W1F
ME069506,EC3M
EQ091946,M14
ZE046661,L33
LJ093742,NE46
TP022524,PR1
MS069774,SN13
GS009902,DN36
EP001992,EH9
QR018108,L74
GH074116,N3
AO030069,CT15
RZ091372,OX7
KS066223,CV35
OF068322,RH5
OO095727,LE16
VY006474,GU32
JW081156,EC1V
MG062062,EH9
GR028974,S1
NL063938,DN21
DB069706,W1F
FB057385,BT66
HQ099406,DT10
AZ052103,BS14
WD060968,EH9
JC064172,M34
IE078913,DN22
VC082663,RG20
VG072993,M14
ZG023359,BD23
WN068197,W1F
VS093416,LE16
NW031911,CV35
HG027398,OX12
UD072234,WC2H
NT059759,OX12
FF057242,LE14
DF037287,BD23
IQ056746,AB39
LA090979,DT10
XS071006,RG20
RK023565,BH21
WQ052828,S1
VE090029,IV1
WG067728,GU32
ZC050595,PH43
AZ097587,DN36
BT027523,OX7
PV023147,DN22
VN096733,EH52
VB070907,SW1E
QP008397,OX12
ZN096535,DN22
MZ028353,CV35
FO087533,NN4
ZV019823,S1
UF084710,SW19
QT054547,SN13
PM034573,DN21
KA066426,IV1
LO011592,S1
TQ065665,LS6
OC000381,DN22
QV089026,EH9
NI003473,NN4
CN044542,W1F
CW051396,AB39
ON002990,L74
IR005341,L74
DS078483,SW19
CP050234,NR34
CS060883,EH9
NG091342,BT2
HH062390,M34
ZR069261,LS9
PS010060,CB4
RG061998,M14
PC005521,AB55
TW023701,S1
NL024977,WF9
QP093451,EC1V
BJ071974,PR1
GH044368,BT66
AI061783,GU32
FQ069496,PR1
OC045781,WC2H
BF080088,CT15
WI001306,BD7
LG018760,WC1B
DG054831,EH9
KE050319,RG20
MG006726,DN22
EH051958,RH5
QW076708,BS14
YE054365,DN21
MC047623,NR29
UK042725,SY4
KI089155,IV1
SE083704,BD23
OK059668,LE15
JZ004144,CT16
MG053337,CT15
OF005773,NR34
XR044405,BS41
KO026744,NR29
SM003639,AB55
MY031639,N3
IR066002,LE15
RV058410,NG22
BK006288,OX12
WO032878,S8
MB036703,LE15
XN095451,N3
XN030548,S8
DV074616,DL10
SI013737,TF6
FX008936,TF6
XY043257,EC3M
FT074520,ST20
OS066663,S1
HV059622,NE46
TB077884,NR29
YR037106,EC1V
ET068053,G4
TB024905,EH52
VY009268,EC3M
OZ054329,W1F
VF050364,BD7
SL008646,NN11
KO032054,NR29
WL067890,OX7
AI055492,BD7
VG036239,NG34
QM000750,SN1
WQ029470,LS9
ZG008283,LE16
AK027382,S33
GC044645,KW10
KE034482,EH52
QU056853,PR1
ZH026809,NR34
GQ006805,AB56
HJ046803,S33
FR079188,NE46
PS061538,OX7
TT026883,NG22
CX043819,SW1E
JV020938,NG22
XS041385,RG20
TE030635,SY4
CI040986,S8
ND084324,S1
ER081600,RH5
TX016353,CT16
JS015887,EC3M
XM060019,SN13
CM008593,B40
KS006371,AB39
GA046351,PR1
HH028598,NE46
BI005400,B12
BV017983,AB55
FH010316,CT16
DM054202,OX12
CJ020981,WC1B
HT052318,WF9
UU017281,BS14
HD083057,LS9
LN083434,M14
BJ048509,DN36
TC059259,CV35
HQ041440,PH43
ZD058102,WF9
WS028428,LN6
HG039736,N3
FA008596,EC1V
MC028199,TF6
SQ020021,LE14
QX021876,BH21
YV071393,EC1V
YF016486,BS41
RB058689,CT15
IC043696,TF6
TS091132,GL54
LT089054,NE46
YJ031445,LE15
NA086086,GL54
JA013201,CB4
ST025617,S1
BU037763,G4
RQ001428,AB56
WX098476,RG20
HN087906,BT2
IW015212,BD23
QO092485,CT15
IG072578,AB56
QA056156,DN21
DG077949,EH9
UN049674,NR29
IB003332,N3
XO043540,ST20
LF026434,SW19
IR034127,CV35
YX008923,EC1V
XF009015,OX12
AX023223,LS9
OJ070002,DN21
FP077912,LS6
KM010380,NE46
CY080029,BS37
MP039738,NN4
PU073770,RG20
XP047703,B40
UQ041561,B12
QV002659,EH9
SD058722,NR34
RB087794,BD23
ST070258,BS37
PR048585,B12
ON087532,IV1
MC063078,GU32
GE075251,SY4
NN069494,WF9
ID044410,CT16
EB020382,L74
IK074906,SN1
ZK040265,EH9
AN082631,AB56
EW044272,TF6
OB060281,WC1B
PA050829,PH43
QH079879,CV35
UN029150,BS37
NN020680,M34
TS050001,BT2
KB068044,SY4
BB052572,DT10
TX089640,M14
BB066880,TF6
BP098394,SW19
DZ023531,ST20
TI089468,LE14
YG071594,SY4
MU076273,NG34
RT001473,B40
BG041780,S8
VL083988,SN13
HJ060494,SY4
AZ031509,OX12
SS011385,BS41
DC079292,LS6
IM046831,BD23
PF020673,DT10
HJ024431,BT2
ZI012690,NN11
EI066899,DN22
CA001530,LS6
VN032443,SW1E
TZ055834,NG22
LQ023488,ST20
BK071778,SW1E
BC021992,DT10
SJ093928,RG20
KN081054,B12
UQ072061,BS41
DC012809,CT15
UV068800,CT16
PV059813,CB4
UT075766,G4
AY077572,IV1
NK041669,L74
CU022928,S1
XA024137,LE16
JM093006,PR1
EG007010,DN36
TO031732,S33
XB009407,EC1V
OR084810,L33
LE096161,M14
VA029829,BT2
IB011406,PR1
IN090564,WC2H
AK060338,NR34
VY052710,EC1V
GD009361,BD23
QV096048,DN21
QL014779,BT2
NW002733,CV35
RO053923,DT10
US021421,GU32
HO054448,OX7
VN053890,IV1
TU097281,LE15
BS082621,LS9
TY072354,EH9
RM099500,NG34
HW036564,LS6
PE086541,WC1B
JH085942,NR34
TV011085,NG34
RI069894,LE15
DO033037,S8
SL054004,SG4
TJ027077,N3
NM018346,BT2
ST096711,SY4
OA038346,S33
ZN022267,EH52
MS079836,NN4
YA035366,WF9
LH092415,PR1
OB095351,WC2H
PI019771,SW19
XK084873,SW1E
VO033812,S33
QV040850,TF6
NJ003936,AB55
ZK023557,OX12
WE040394,W1F
TR039952,CH48
GZ076830,M14
EE008914,M34
DX009532,G4
BB040839,L74
NQ012592,IV1
ML088845,B12
NV075312,M34
DX081067,OX12
SG001338,M34
VL091300,B12
MV082790,NR34
NX088510,CB4
EJ013555,W1F
VO007288,DL8
AF019285,PR1
WK003264,LE15
OL032772,IV1
IU070986,DT10
NK062797,BT2
WI096964,CV35
WY056153,BH21
UE005686,BD7
FX082593,DL8
LQ034862,PR1
HU071636,WC1B
TU074841,M14
KF000783,M34
ZD092860,BT2
DT019771,CT16
BB069028,CT16
SR096075,DN36
HW000008,NG34
SB024310,BS14
UZ002058,BS41
GT071613,CB4
AX069026,L74
HJ026970,WF9
HQ023430,NR29
MY094022,LE15
UR098924,BT66
ZX004486,NE46
II051569,LE16
WK092369,GL54
PB010207,CV35
CN039794,BT66
XS016671,NG22
QH024668,SW1E
RI031264,L74
BS024490,LE15
WT084998,OX7
QO024751,EC1V
SC069071,SW19
JO052743,RH5
UW077123,B12
OZ012109,DN21
WT058790,PH43
OJ080479,LS9
HJ006190,EC3M
GL088592,EH52
KH039882,KW10
DM035468,AB39
CN030440,BH21
AD017673,CT16
XZ010402,BT66
CY049651,IV1
DV041444,DL10
RK091281,IV1
BH009963,BT66
VS016651,EC3M
FM067933,WC2H
OF015688,TF6
UT007875,EC3M
CD028083,WC2H
ON040564,BS14
MU091976,AB56
KS059528,B40
XH043014,BS37
HE071631,IV1
OD043412,NR29
WW015228,BT2
HV019230,B40
SK025091,EC1V
AM074484,OX7
FK057149,BD23
CO084555,PH43
NY015731,G4
BE037041,EH52
WI001565,SG4
KA049557,DL8
AM051796,M14
FU020103,LS9
NE072843,LS6
PL019616,NR34
CN022315,AB39
YV012185,BT2
UN035957,NR34
LT006441,KW10
NI025124,SW19
VS019486,PR1
TL018221,NG34
BU095410,CT16
WO042258,AB39
SG050745,EH9
KA083039,S1
UX070690,SN1
NJ058700,LS9
BE033170,BS14
UF016951,BD7
UJ044231,SN1
CW024266,PH43
KW071085,LE15
IF076535,N3
EG020433,NN11
LE077334,NR34
OO019114,LN6
ZM096349,NG22
HR022991,CH48
CY092341,AB56
YN000504,SW1E
PQ079827,LS6
ZP076215,SN1
GL023239,BD7
IX039478,WC2H
OP052267,BD7
VD041122,BH21
JH027246,M14
JX093141,CB4
US065332,LE16
TV093817,IV1
UH020305,DN36
ZP067856,S33
AB096777,NR34
IZ041233,KW10
HP088099,ST20
BG017774,SW19
QR088578,RG20
DI072036,NG34
PT063534,CT16
JB063602,S1
QD000055,CT15
ML060791,RG20
FE082197,SW1E
TN018015,ST20
HK081970,NN11
VD043710,BH21
OD062195,B12
HU035037,EH52
OF051138,BD23
RT015937,KW10
MP053511,PR1
KG064314,BD23
TV076688,NG22
NL035212,CT16
WB014883,NN11
ZH028698,CT16
NU031894,CV35
ZN007702,L33
QC069684,EH9
UI025016,CV35
FD061951,GU32
WQ050928,SW1E
DN020744,BS37
FJ084048,DN22
CY012864,PR1
QP036940,SN13
MN019433,NG22
MD006931,SW1E
ES056286,N3
ZI082420,LE15
DH074723,SG4
FS055715,GL54
AI008633,NR34
WP043997,BS37
AG068508,LE15
GR033260,WC1B
RW001493,SW1E
AH071849,NR34
BM069215,CB4
EZ005059,SN1
ML033957,SN1
EY083295,CT15
IM044650,W1F
UO042002,SY4
DJ041197,BD7
WZ014136,PH43
VU031210,WF9
KJ002476,LE15
HP015456,L33
XB052719,AB56
HN089985,L74
VF013578,LE14
SS091192,DT10
XG076037,W1F
ZG019693,B12
LS048805,CB4
UC075007,W1F
YM089156,PH43
OS069096,B12
GE015518,S8
NW022043,DL8
EH020972,AB55
EQ058718,BT66
FC077811,WC1B
KR024064,S33
ID047198,NG34
BE061647,L33
EI086296,NE46
RZ048453,AB56
DJ089474,L33
WA005888,OX12
CU077945,OX12
XV019141,WC2H
NY009702,OX7
HO095696,G4
RL088597,LS6
MJ023223,N3
NJ066973,PR1
KM030821,DN36
ON084409,DN22
KU064350,CT15
QB095004,ST20
RI023058,SG4
JE056872,LE15
LJ002087,SN1
HI017121,EC3M
RD009368,B12
IC037857,DL8
VD020504,G4
EY052169,NR34
SV090268,SG4
BB018473,CV35
AB037649,B40
WM050284,CV35
DO073476,B40
LI092422,LS6
KW089672,LE14
MT070563,L74
HM028057,CV35
VB010167,W1F
PB030441,BD23
MH079894,NN11
PD039339,M34
TM016470,LS6
DB032017,EC1V
UB055620,SW19
TA075580,PH43
MA015531,M14
OK019350,DL8
WK027931,DN36
DS052517,GL54
FO090266,B12
CI022677,CT15
JW090494,OX12
CD025751,DL8
TJ065170,EH9
MJ046433,EC3M
JA071946,EH52
LQ030733,GL54
GK002281,AB39
SV028385,KW10
BY084090,CT15
EK001315,CV35
OL051265,NR34
TB033346,GU32
UK084853,EC1V
XY099559,SW19
QK011998,BT66
JP014893,KW10
ET066631,M14
UK043146,LE14
TL087585,NE46
FF005406,SW1E
OD068167,PH43
KM060085,DT10
EU072161,NG34
FE005308,NN11
OF065082,GL54
XZ039413,GL54
QE055904,PH43
ZN044266,LE15
JA043818,BD23
LC083926,BD23
UP033830,BH21
RB085862,SG4
UV014614,BS37
LN093720,N3
OZ010719,M14
QH097165,DT10
TV027066,AB55
JX088983,EC1V
VH069825,BT66
FE068654,M14
SV020317,KW10
YE085512,SW19
JF082197,AB39
TW046151,IV1
NY000158,SG4
DE037740,CT16
TG057492,S8
RV094330,G4
VQ022764,M34
BF011946,B40
GR013853,AB55
FX024302,EH52
DC062483,M14
XR053256,CH48
BY015380,SW1E
MA071301,M14
GB048497,AB55
WQ026223,LE15
OH052826,IV1
WP005240,NR34
KP075796,S8
GT094069,SW1E
CS062668,NR29
SQ012620,DN36
EC082879,LE14
EC073665,SW19
BS041004,CT16
KO026009,B12
SK069393,LE15
CV050185,B40
NS050281,AB39
FB017220,LE16
OX028733,WF9
BH051558,BS37
TD022773,EC1V
IT060395,TF6
EC023699,BS41
TL094123,BH21
YE056156,TF6
JX035609,NE46
JK073255,WC2H
GU068229,GL54
NO061115,CH48
RH091056,BS14
XP059026,BT66
WM098875,BT2
BW070185,N3
VJ044865,CT16
WE022231,AB56
ZX011281,CB4
HT054255,SG4
WJ028001,WC1B
JA025925,DN36
ZZ038073,EC3M
KI071073,S1
VW049815,EC1V
VN053462,LE14
SO014368,OX12
VO050040,N3
PI013145,M34
BB034030,LN6
YR051031,WC1B
TS016028,BD23
GI077536,AB39
RX020470,L33
LQ014108,CB4
QP039114,LE14
AR080205,BD23
VP069504,DT10
HU076125,LE14
XF021035,BS37
FB065898,WC2H
SG039360,SW1E
FQ012040,AB55
GL088865,PH43
DN065667,LN6
PH007244,GL54
AK052576,DN36
WH063347,WF9
UZ041116,CT15
UQ033256,SW19
VY028571,LS6
BP009480,NG22
SX073160,NG22
DB016992,S1
NA063350,EC1V
IC043400,BT2
CE049433,BD23
SZ028845,S1
QX063911,B40
KJ087516,CT15
YC086368,L33
FS025615,SW19
EU081196,BS41
OI044600,WC1B
TE085685,SN13
BQ000218,LE15
JU097456,BT66
AN067903,GL54
SA018814,N3
UD018779,CH48
DH029445,DN22
XU003449,EH9
WS048825,BH21
XT079740,B40
IY088933,B40
FR097644,NR29
AH010274,CV35
WB038596,CV35
EH082528,S33
VA068865,CT15
KF095712,NG22
AW002721,BD7
XL007458,LN6
HS079253,LE15
ZM067254,GU32
QU064323,BS37
GZ075930,LE16
XA015610,CT16
QG032787,BS37
BH069063,S1
GT096217,RH5
NL026223,M34
VL086290,BH21
VA096935,SW1E
AI087863,OX7
WF009587,BD23
SJ036890,S8
ET028434,M14
PA056440,SW19
IF065494,AB56
HD049219,NR34
ZU040871,GU32
VR073461,G4
DN090133,LE15
UB099492,DL10
KV079867,S33
VX036428,N3
TB042465,CT15
FM007562,SN13
IR090467,CT15
YJ015564,PR1
GF046966,BT2
EN095499,EH52
NN085761,DL10
FM038251,BD7
FP094467,EC3M
BO084720,OX7
UP072366,NR29
PD057509,DN36
JK054984,WC1B
MU012349,NE46
GN005894,DL10
KS085086,SN1
PI058311,NG22
UB091894,CT16
NU019767,ST20
ZV090686,SW1E
IR042162,DN21
QY014273,LN6
GI052318,BT2
HX004230,LE14
VS020667,WF9
ED077243,WF9
LS079402,NN11
JW035277,WC1B
WY083017,EC1V
JF074393,BT2
QO037228,LS6
KZ037486,EH9
QS051387,CT16
AB038835,OX12
LW093996,DN22
JX021513,BD23
QP035792,M14
ZF067165,BS14
SV026652,LS9
RR095548,NR29
EN046189,WC1B
ME013240,SG4
GH031815,BS14
OA021360,SY4
VP039957,EC1V
JC078143,SN13
QJ084755,EC1V
MN070519,NR29
TS055510,M34
WQ043317,EC1V
YV090940,DN22
DN003667,NN11
ZU012906,CT16
QO078955,NE46
PC098340,WF9
SD067440,NE46
LB002042,KW10
VN016029,LE14
PH066906,LE15
QS013205,EC1V
JD000821,CB4
PV010035,EC3M
EP091516,S8
LG075926,LE15
LA010216,LS9
EE091486,CT16
IE054962,PH43
ZA078978,CT15
JZ045419,SN1
CY035064,PH43
NP082528,NN4
AP043204,WC1B
AD018781,RG20
LS042628,BS37
JO021400,W1F
WY045209,GL54
JT099759,DN22
YA023094,BT2
LT091754,SN13
WB006787,CT15
JX052250,G4
HK012695,LS9
XS079360,BH21
MZ022736,OX12
LZ099567,SY4
XQ061161,NN4
ZE028699,RG20
BG067938,NN11
PC009344,G4
GI045942,ST20
YR079674,S8
AV098482,AB55
RN011633,BS14
RV027833,LE14
KW047861,L33
TL082440,GU32
GW030557,BS14
XM073152,GL54
SO064414,BD23
XH089973,LS9
ML099661,BD23
AT000491,NR29
ZG086891,EH52
MM030737,LE16
PJ007525,NE46
AA082538,CT16
IJ087400,BD7
RL011860,DN21
OJ054177,DL8
QJ021663,SG4
CI063538,PR1
KG094838,LE15
XM072486,BS14
QD064688,CH48
RV090685,SN13
FI092285,W1F
HY027178,DL8
ZD013772,BD23
QI072534,LE15
CX085558,LN6
HZ067276,CH48
YI090050,OX12
ZH095564,L33
JB087618,M14
ZO047287,NE46
XQ010209,LS6
YY051280,LE14
FH011340,LS9
IE022809,NR29
GF053527,BS14
QB068412,RG20
FP036501,LE15
VL010206,CV35
SD046454,BD23
RI080002,GU32
QE008063,NN11
FF013421,L74
EO019371,WF9
HV092307,AB55
EW049219,L74
VK070740,NG22
QI022646,SY4
MT040981,BS41
UM016492,W1F
ZN094457,PH43
VJ072782,NR29
WP022841,CV35
YZ016769,ST20
IS060028,DL8
SD004526,DT10
GC074723,RG20
UI038425,DT10
WP034593,DL10
DL090299,SN1
KO035342,LE15
BY044939,GU32
LZ099384,G4
ME002547,CV35
CI065519,PR1
RS003675,LN6
MX081831,CT16
AH075428,KW10
CW018722,BT66
MC009367,CT16
SC094075,BD23
SH096153,EC1V
RE017445,WC1B
MZ024523,B12
WR060165,LE15
SW004365,EH52
XV071063,BT2
LQ081891,SN13
DV044743,CT15
IA068747,LS9
HL011929,CH48
OV004753,BS37
LD007414,LE15
KQ085722,DL8
RK059956,S8
NQ088316,IV1
KJ085718,LN6
NL045895,M14
NY046491,EC1V
IG031604,OX12
EY065647,WF9
VL043658,IV1
WN063128,WC1B
JK033717,CV35
OO034407,S8
TY009287,EH9
VC000359,BD23
WW007177,RG20
OW060749,DL8
RS009019,DN21
LJ044431,S1
NM096136,CT16
CW016254,AB55
CV078630,RH5
YI027655,S33
BK071541,OX12
HW017159,BS41
MA036960,B40
UI094785,NG22
MN066756,PH43
GI084101,SN13
XO053297,PR1
AZ025752,AB55
AF097977,W1F
WU034546,LN6
HA092975,SG4
VU020909,LE15
RI085142,DN22
JV045570,DN36
TL081462,BT66
FN031412,BS37
NI063910,S33
DB076382,LE14
KQ078847,N3
UP023658,PR1
NC044531,WC1B
DV062734,DN36
GZ036067,LE16
PS055550,G4
IQ013717,AB39
OL090076,GL54
CI047459,W1F
CN026558,SY4
PS072484,N3
XC052104,W1F
BH049839,B40
LJ052052,EH9
CI094569,SG4
ZN054007,M34
PU001485,CH48
FR055265,DN22
MB001039,BT66
GU043275,OX7
ZJ082434,BD7
YP002686,CH48
UX080507,DL8
QE055204,BT2
YU021796,S1
QO045038,NE46
LV044689,CV35
AU098362,N3
BP049300,ST20
NB042671,GL54
YL083482,CT16
RJ089647,B40
SI044225,S33
ZF096387,DL10
UG025616,SG4
BG008323,NR29
BS070916,NR29
KM002501,DT10
QE036054,PH43
PX056703,LN6
PI091780,L33
LS003096,N3
YG067723,NG34
IV014356,SY4
NS010036,BD23
LT013497,SW19
DV092909,AB39
ZI048667,M34
TH064321,DL8
YN069292,CV35
JP001928,SN13
OI031521,BS37
HV046457,PR1
IX090844,BD7
RO048401,DN36
SP051385,BS41
NI013452,NG22
ME044653,SN13
SK023909,LS9
EH033381,WF9
XD031860,SW19
UG032828,PR1
MT015986,BT2
JS088212,TF6
LE068160,EH52
VZ070354,RG20
EV094862,G4
CC017502,EC3M
KZ002772,S8
QV077520,EH9
BH038149,TF6
VU087736,BS41
ZQ067022,RG20
RZ076572,B12
YZ017964,NE46
VG068486,BS41
BU040408,DN22
YH085602,NG22
SX036007,NR34
BP082562,LE14
VO004755,PH43
HZ072092,DN36
JZ035822,SW19
VX097799,S33
ZC082059,S1
TL074129,B40
QT000911,SW19
EN019067,OX12
VF019448,PH43
UZ034387,LE16
QX002232,AB56
SJ061629,GU32
HH054944,BH21
GT096470,S8
LS092336,B12
IO065243,AB56
UO091520,AB55
JQ001839,LS9
PQ058676,BH21
VE074010,LE16
WQ091942,SW19
KB037055,AB56
EQ064556,S8
DB021569,BH21
FT095862,AB56
OJ022123,AB39
AB074660,NR29
LE027990,BD23
SK022778,BD23
JA032813,LE16
XC022001,L33
QD046275,IV1
KF073024,SG4
EA005155,BT66
IL069417,DN21
KV088861,PH43
LN034992,AB56
DF046235,BT2
ZE011803,B12
TU073068,DN22
WG051063,LS9
JX029371,WC1B
PS067306,CB4
GJ001492,PH43
QJ071404,CH48
TE030347,NG22
WB049391,SY4
UY018382,KW10
TG057602,B12
QX050839,LS6
XL046143,M34
EC090021,DT10
GF041209,BD23
JF083749,RG20
TU074939,NN4
EL037090,CV35
AS015367,S33
ST035959,BT66
TL083347,LS9
AF034110,DT10
CU013761,WF9
SI046944,NG22
BS026664,LE15
XX070821,SN1
CX005224,TF6
RL034984,L74
KX025693,N3
LN011008,M34
EM067008,EC1V
NG020450,NG22
XY049960,S8
MN038291,IV1
SQ049139,NG34
RU015049,S8
YN041788,LN6
JL015551,SY4
ZR051351,NN11
FQ032516,SW1E
TA052822,CB4
RA003065,S1
NM046131,SN13
QR090275,M34
UD011052,AB56
MQ043869,CT16
DB097734,NR34
RO095078,EH9
FL074786,BT2
AN085942,EC1V
RE042279,KW10
HK078634,BD7
WU013141,DL8
BS057899,LE15
QU063405,LE16
TW093604,SW1E
MR095329,PR1
WL003899,BD23
TZ090696,BS14
DK038977,LE15
NK053121,L74
QB036725,BD7
AM073109,DN21
MW039222,EH9
LS090282,BH21
WV063124,DN21
MH026245,BS14
AN081634,BS37
WU087373,NR34
HU045910,LN6
UG008536,NN11
TP046021,BD23
VM084376,B12
BY049665,WC1B
AF017188,BT2
HO048936,GL54
ZA002390,DL8
GA068521,NR34
BA026810,CH48
SO087613,SN1
WK090872,TF6
WG036845,EH52
YC099806,NG34
UK036265,BS37
TU015086,OX7
JB026149,DL8
AI044009,NE46
IC017936,LS6
WW087372,SG4
OF045597,SN13
KJ075692,SG4
BS010703,PR1
EN033438,PR1
DW090329,S33
WQ060846,LE15
DN039457,SN1
RW034168,DL8
WM079673,AB55
QV062124,BT2
HJ084432,CT16
DK076764,WF9
SY096175,B12
EW029525,NN4
NQ020744,BS37
QP077767,GU32
WC079370,SY4
AO056559,IV1
LZ065481,NR34
WS020835,G4
IJ013623,G4
DU051225,S8
CP059861,M34
IB095742,GL54
XV048353,PH43
EP087185,RG20
QU051988,SN1
LQ038103,NG34
TG020394,BD7
SZ017967,NN4
ZL056734,OX12
LO057816,WC1B
VP097402,SN13
SE067568,DL10
ED095013,L74
IO069467,BT2
YB039700,L74
HD021639,BS14
YF052418,BS37
IF091301,SN1
CA030014,CT16
KL011759,TF6
NH025052,SN13
KH007298,S33
PH057022,NG34
PO077775,N3
CI017444,PR1
VT003037,WC1B
XC043999,M14
PR057862,CT16
OF024277,BT66
EP021456,S33
RJ066844,CV35
AV065219,DN21
SI068476,SN1
DL034385,OX7
FL023278,KW10
BJ073424,M34
MK066395,S1
VC003532,NN4
PH086509,CB4
KG041505,LS6
HM012289,BS37
AD059958,EC3M
QS084537,CB4
IS015519,BD7
FR021285,DN36
US072454,AB55
RL060468,EC3M
AU023934,KW10
ZI021823,BD23
KU005991,BH21
OM008296,G4
SV005615,BS14
AJ061734,LS9
TG095455,B40
SP096030,LE16
ET004017,TF6
MG026043,S8
JE057396,NG22
HC096070,SW1E
TG062645,G4
PJ085186,G4
GE022306,KW10
NL099390,NG34
RS095407,CT16
CM082127,BS41
FL084788,N3
ZX017435,BD23
EO052867,BD23
AT088944,LE14
MI037927,EC3M
CT084027,CV35
ZJ021956,PR1
CD061254,BS37
JP088931,SG4
CZ067107,NE46
RF084560,EH9
CQ022087,WC1B
XH090657,SW1E
XR071846,EC3M
RR093510,G4
CI010391,SG4
GK053203,L33
DR024486,LS9
KR019011,S1
PZ030403,BS37
DX029578,SN1
EG048663,AB55
XW023270,RG20
VR088895,LS9
UY036912,LE15
GK047288,LE15
SJ047155,L33
AM064814,LE15
SH009313,EH52
YB018580,GU32
KS028608,LE16
ZI042465,LS6
PD082916,OX12
ZL019007,LS6
DX069523,N3
XH053400,PR1
KY059035,CH48
NX047194,L74
EQ010194,EH52
OB023934,GL54
GG019073,LE14
ID021245,AB55
BS042116,L33
WY025631,GL54
PA071665,S8
QY078216,WC1B
TQ082968,CH48
YN034298,BD23
CE014812,DT10
SX049075,NR34
XY076155,DL8
ZL030303,WC2H
VI051655,EC1V
TA012491,CV35
IN043957,G4
OY004702,LS9
VT041647,RG20
WB009533,LE15
KI094688,WC2H
CU071854,CT15
RA032562,AB55
GS069537,LE14
BY030770,G4
NF082625,ST20
HS044934,DT10
WK093304,PH43
UZ040918,CV35
WJ019782,BS37
UZ076560,EC3M
AF024347,DN36
OR072982,LE15
LF028884,OX12
ZF079304,CH48
IG069030,NN4
UW010822,RG20
BX022744,NR34
JN055575,CB4
DZ016748,WC2H
DR037101,W1F
QZ002163,W1F
YK016460,GL54
FX038830,WF9
RF029189,BS41
RM072522,GL54
RO040855,EH52
JH052440,L33
HA080961,EH9
OU089821,AB39
AD083635,RH5
CW016433,NN11
RH011239,NN11
ZK053653,LN6
KV009154,KW10
CR067815,LN6
NW039485,LE15
AY051077,SW1E
YS026380,N3
IV041788,AB55
DK001668,ST20
BR053493,L74
NC052725,GU32
XS092609,RH5
BO009976,SN1
DB010075,M34
EN013639,L33
YK067421,NR34
GR072673,GU32
AT048650,BH21
IY067082,GU32
PM056793,OX7
CW073149,NG22
YQ007841,CB4
BL011113,N3
PJ011998,GL54
AS043138,S33
LO024035,M34
HE070720,BS14
HL001077,NR34
EQ089119,M14
PH063336,GL54
LJ033056,B40
RW089837,W1F
SI088459,EH9
VR051350,DN22
VE086928,NR29
OT013835,NN11
ME043549,AB56
VK056252,NN11
UF055418,BD23
JF099033,EC3M
AW002047,PR1
GO094855,N3
OL049276,EH9
KQ076140,CV35
BE082748,S1
HU036278,EC1V
ZM021102,NR29
LC014602,GL54
PL016726,IV1
WA007289,OX12
TN058879,BD7
AV018732,BT2
MR008619,L74
NF030175,LE16
JP043087,N3
JW062283,LS9
MX049795,DT10
FE047073,BH21
QY002140,DT10
RA091047,WC1B
YS067405,LS9
EZ009057,LS6
XX075943,EH9
PM034368,W1F
BK015080,LN6
TW062342,LE15
MQ020532,SN1
AJ085543,DN22
CW032337,DT10
VE080396,AB39
WR046326,SN1
FZ044713,PR1
JI086277,LE15
QX065634,KW10
QO065192,M34
QA041170,BS14
HT085599,CB4
HC068443,B12
KC056599,BD23
VJ000001,IV1
MN007485,NN11
FF006327,B12
RP074096,BS14
PH000245,GL54
NZ068648,BT66
VG097676,LS6
JC013865,RH5
RL058947,SW19
GI087756,EC3M
VM011804,LN6
OZ002368,PH43
RY005763,BT66
NH018056,BH21
BN005945,DL8
KS039229,DN21
VL040439,CB4
PA042559,DL10
YC040963,GL54
AK085492,CT15
KB089121,SY4
AB044536,SN1
DN044433,BT2
SX063057,PH43
ER098297,PR1
CI080198,NG22
RB048603,DN22
NI023873,EC3M
PE010871,S1
XS051911,LE14
NT046611,G4
PM002111,IV1
TS065559,CH48
ZT008738,SY4
FF034657,OX12
QS080730,DN21
DJ043313,NR29
NV029738,DL10
YR055025,NG22
SQ071574,S8
ZH079745,TF6
DO025523,EH52
OH032509,WC1B
TD009755,LE15
US045450,W1F
AW088406,NR29
FG060564,EH9
JY007290,OX12
KK069748,SN1
UT013207,BS14
HA090313,NR29
ZF098306,AB56
FD078136,DN22
QF096912,B40
IZ073211,BD7
GE053019,SW1E
QL048248,OX7
LV060960,BT66
HB059645,RG20
IH099008,BD23
LP080507,CT15
VV076829,NG22
CR059424,EH52
BM058105,RG20
YU070239,L33
LM017638,LE14
QY062340,BS14
PC057283,CB4
QN051171,LE15
LC077250,WF9
TS083873,SY4
XK072439,KW10
VX028173,DN22
FP038090,SG4
UV063745,NR34
DM054698,LE15
EL070242,SN13
SO009542,BD7
MG007783,GU32
LP059894,TF6
BU033990,B12
DX022833,M14
JY097593,EH52
MK076865,BS14
GP077979,SN1
QQ059392,WC2H
RV083774,ST20
OX048387,DN22
NX088670,WC2H
YJ015756,BD23
JG072775,NN11
ZM034419,IV1
BB020953,CH48
RF072447,TF6
CG034263,B40
GK043092,DN22
UK082153,RG20
TZ099066,BS37
GT005594,BS41
EV065107,N3
SZ029532,W1F
IM075403,NE46
QX062132,S8
TS098639,S1
AX054740,SN1
AE024296,DN22
OH016251,SW1E
XA062036,ST20
IZ094126,OX12
RH048188,PR1
FE028662,CV35
XP049741,AB56
CA092305,NR34
CV044226,GU32
VU047392,NN11
UC058877,NE46
OI095558,CB4
CK041353,BS37
BF093479,W1F
DI087025,LS6
UB027570,BH21
TF019952,AB56
QM060761,BD23
TK074212,BH21
CA087927,B40
SG092818,LN6
LU003631,G4
PL002706,BD7
UE080086,WC1B
FO008132,LN6
IC026987,CB4
OP054297,LS6
JF061036,NG34
WM070927,PR1
GA092044,AB55
ZL056677,WC2H
SV030313,BS41
UC085312,LS6
EJ059466,DT10
PA027980,BS37
NK048338,BD23
AG050253,S33
OC046156,PR1
HK072555,SN1
SH095800,CT16
JG042163,SN13
FD034574,OX7
DF083156,SW19
JX055065,PR1
YY087078,NN4
OI061305,WC1B
KL084419,BD23
LJ075741,KW10
AQ033032,S33
LP023273,GL54
AN075311,BT66
YP083426,S1
RP059991,BD23
UQ049882,W1F
HO086775,AB56
KW017416,OX7
HJ050130,PH43
QO062111,RH5
JU048044,BS41
QX016400,BS41
WI071300,PR1
GZ035351,SW19
US087233,SN13
OA052244,LE16
OK043808,B40
JZ089997,SN1
CK083005,IV1
HG033101,DL8
FM098914,CH48
XJ082043,SN1
BZ045826,PR1
UC047864,CT16
SC055301,KW10
KZ042617,CT15
LF075979,OX7
EL044114,WC1B
BZ088927,IV1
SN085002,CV35
PJ031624,BD23
NY090598,L33
FC095125,SW1E
CZ004181,SN13
QZ089600,BD7
TU064631,OX7
AY061394,CT15
TR054229,CH48
TK023470,M34
OJ049210,NN11
FL054662,B40
HK041507,N3
EI027616,DN21
FN007735,NN11
YC088606,GL54
UU075663,BD23
OL020355,M34
UV010061,BS14
SG097274,DT10
AJ003421,BT2
GF026482,AB56
MA060866,EH52
MX008191,S8
LG024852,NR29
QR058320,OX7
CY025899,BS37
TK088092,B12
NL086524,GU32
LD096059,B12
YH011937,GL54
GO076088,NG22
RN051669,LS9
TZ099846,NG34
WY092784,L74
OH098531,BS41
MV007311,BD7
IG077867,N3
FQ024636,NN4
JY020095,SW1E
NA052444,BS37
OM091153,NN11
UM094767,BD23
DJ066300,M14
ZH065754,SY4
GW003708,CT16
XL066851,BD7
GK088122,SN13
XS091814,L33
LK040897,SG4
WV040740,BD7
CG001092,L74
UA060110,G4
KR000333,SN13
NN019484,SY4
PD084839,S8
OO032057,S1
VE086755,CT15
AW000325,CH48
LC034128,NN4
YH045714,LN6
TA036446,EH9
FR037207,GU32
QA089218,S1
AX046378,ST20
JB052564,B12
WB059433,DL10
MM017598,DN36
VG058969,CH48
RJ046300,RG20
OO062634,PH43
OB033197,RG20
SI053381,PH43
UG013203,DL8
LS049340,EC1V
CL067633,PR1
ZH061008,EC3M
IX039715,W1F
OB074191,LE16
TS039297,RG20
NV092462,CT15
ZT086715,OX7
NV060188,AB56
SI003220,W1F
ME063747,GL54
UZ028511,LS9
ZF020164,ST20
UJ043492,CT15
ZD095703,PR1
GV055568,LS6
FJ049821,AB56
BL076537,W1F
RT064781,BS37
KB092397,B12
JL050011,DN21
CG076713,PR1
CZ083315,CB4
YE044163,LE14
AF078949,CT15
ZV093584,BS14
HO079227,GL54
ZJ050605,TF6
DJ087727,CV35
XY066839,S1
ME058029,PR1
PN036183,WF9
JG096051,PH43
NL047848,IV1
SJ025859,S8
YQ083054,KW10
JC042029,M14
YR070298,SW1E
XL017698,SY4
SF040905,DN21
TS034023,PH43
JH070204,TF6
VI061284,OX12
YD090839,BS41
ZQ065497,CV35
NA056903,NR29
KE025009,LE15
MA045531,SN13
DA047575,LS6
XX026724,S8
GW042661,S33
XK084035,B12
SG096213,AB39
UG026055,B12
XH078296,EH9
LZ095587,BD7
LZ083443,WC2H
PA048858,SN1
AG014651,EH52
YH040158,CV35
MA074281,NR29
FT079747,BT2
QT088727,GU32
ZQ045676,EC1V
XM074532,SN1
ZP026928,BH21
JU085959,B40
IR094031,S1
TF070491,AB56
YM047465,L33
PG079525,GU32
AZ097749,NN4
IK013443,CV35
IF037644,KW10
HI044398,AB39
BP016772,NE46
MK002208,OX12
QO062851,BS41
YH085150,EC1V
GR070523,BT66
PJ099279,LE14
HK049222,LE15
BG072589,NR34
AE076729,BT2
AH069084,BD23
RQ055132,L33
RQ082421,S33
IT061679,NR29
PK080557,KW10
JG035198,CH48
KH015426,NR29
FX069529,BT66
IF077277,S8
RZ079212,AB55
LP050897,TF6
GF019997,SN1
AV063578,EH9
WV001130,BT66
SD037027,OX7
DE093942,M14
GU066312,M34
AQ015573,SN13
UI020250,BS14
PP056665,LE16
QZ013436,BD23
NA010342,NN11
AH060574,LE15
RW015098,RH5
SV034037,B40
MT002596,B40
SL047615,S8
KB076477,BT2
CQ051926,GL54
CV007288,EH52
LT049108,LE16
ZM061425,BS14
BS075219,BD23
QL082704,BT66
LR026677,SN13
SL061184,ST20
DW074081,AB56
YN075299,DT10
RF005878,DL8
ZV038034,RH5
TV019546,CB4
UR081132,NN4
SD010504,BS41
KC025675,DT10
OG091659,CV35
DL026861,LS6
SB001054,S1
VI016808,RG20
OL048950,SG4
TD011297,BS41
HM035476,EC1V
VO025473,S33
VC032111,LS9
TW080485,LS9
ZE037729,OX12
UG063094,S1
UZ096866,EC3M
AF081406,OX7
VD004408,BS41
NG031836,EH52
LN022552,NG34
OG068846,TF6
FO073314,BD7
EU090141,BT66
WV075860,SW1E
SO001004,AB55
HY060250,DL10
YE047840,NR34
YL098537,BS37
HJ021135,CH48
AH005126,EH9
KS089471,SW19
YW052155,LS6
US055702,BS14
WQ033267,GU32
US062486,TF6
AP076941,DT10
CI016491,CV35
PE007041,OX7
AG017135,G4
MX018157,NN4
ZS062362,M14
DW053092,NG34
MS051122,TF6
OE027642,W1F
IG070051,LS9
FW013431,SG4
PK080953,CT16
MM075454,LE14
PJ027942,DL10
FN076092,NN11
ZM009503,CV35
FK039902,CV35
SY051823,BT2
WS085391,AB55
FA044334,BS14
VR040181,G4
EK090755,WC1B
BW098864,GU32
IT088219,BS41
KO057621,NN4
NL032516,AB55
WC043949,SN1
DH080370,EH52
OZ099579,CT15
PN023944,L33
NL081205,BT2
YI047930,B12
VW009963,SG4
WQ094918,S33
AD054682,B40
QH037193,BD23
CN094356,SN1
XR085007,SG4
TW029209,EH52
KQ072175,CT16
CS066814,RH5
HW076370,SN13
CZ009356,M14
OY002886,RG20
JB022614,DN22
RB049175,L74
KF048133,N3
GP053483,BD7
KT041687,BS41
WN004765,LS6
ML069632,N3
ZJ018433,CH48
XT069469,L74
NT081466,KW10
PY003682,NN4
JT048775,WF9
XG006421,DL10
FT074164,EH9
FK085428,IV1
QW034647,M34
WK099849,CV35
YL095449,BT66
RB097774,DL8
OO085801,LE15
WF096329,SN13
HS084606,M14
NJ073993,CV35
ME042096,NE46
XG006059,LN6
ME062104,CH48
QS018606,PR1
BT031728,LN6
OR009026,KW10
WB058353,GU32
YC027427,CH48
QL040775,RH5
EC080463,DL10
XU049563,BT66
OH028417,CV35
YF060077,S8
RW042738,LS6
ME014195,M14
IB016089,B40
KL022239,GU32
VL071394,WC2H
PL073919,DT10
GK087625,SN13
RJ058904,BD23
EZ055165,IV1
KW036100,SW1E
EN087841,IV1
VK044451,LE15
JI000933,PH43
FV050103,EC3M
SL006746,LE14
ZQ030073,CV35
WV086487,LS6
CA078131,CV35
WY082266,B40
JN070864,SY4
EO054158,EC1V
QR096555,NR34
XD096934,NR34
LC050287,M14
GE031233,CH48
HR005479,M34
BD080494,BS41
LX023667,BT66
JQ035067,BD7
LA094791,PH43
IJ026402,SN13
BD038831,GL54
QX043684,LE15
AS066653,DN21
ZC032160,M14
FD025833,BS41
DS093759,BT2
ZV091516,WF9
VL025064,EC1V
GA074475,NG22
QC085105,G4
UI000151,BH21
OE077345,SW19
HW052335,TF6
IR022880,DT10
EY074206,SN13
FB080216,BD23
DK022311,B40
DG072872,DN36
TO045175,CH48
BC050160,DL8
JW074901,BD23
NG075055,CH48
QE059962,LE15
GJ055955,M34
VJ069818,WC1B
QR056041,S33
NV050560,LE15
ZM032169,IV1
JO061904,SG4
XX049076,DN36
RE023513,SN13
NA073721,RG20
HM020831,KW10
UN086794,SW19
TW027989,G4
LG038578,CV35
XE021531,DT10
UU060530,RG20
FT097065,CV35
EO008104,DN22
RR066857,LN6
DZ061534,BD7
GJ053999,L74
WR022963,WF9
GK091206,LN6
XY062082,SN13
SO064735,S33
HO073301,BT66
FT036560,DN22
MN012481,OX7
LB012571,NR34
FL047636,SW1E
GM004998,AB55
NW039508,SG4
ZL004371,BD23
KU087988,PR1
HY001631,CV35
ZZ004203,BD23
CA019856,L33
VV074278,NN4
MA056448,L74
AQ075990,IV1
LT014830,BD7
CU045471,GL54
OB015666,B40
TH080158,NE46
CP078009,W1F
MM092918,DN21
FR054588,NR29
QH042205,NG34
NG026841,LN6
PJ009801,S33
OL006434,BS14
OI002335,EH9
TP013764,BD7
JJ070774,BH21
UO017534,GU32
PV023036,LS6
IX021840,CT16
SE065331,AB56
WQ048430,PR1
WM045548,SN1
UO005999,N3
HN034556,BS37
DZ031985,WC1B
HN005649,S1
XI074573,LE15
BS084828,BT2
LU058295,L33
RC007922,TF6
LJ056054,LN6
CR004433,NR34
LW057529,RG20
VD008719,NG34
RE007955,AB39
ZP012067,S1
RQ033771,AB39
BZ024957,DT10
SW047979,LN6
RA036163,AB39
DD082583,NE46
MA052663,GU32
LO006565,AB56
EJ074733,PH43
AG036030,NG22
EF075860,L74
FT051943,WF9
GF024770,NE46
RX015988,LE15
GD009319,DL8
AB026194,SW1E
JO028740,LE15
MD050992,CT15
MF061968,NG22
GZ054340,BD7
DF038163,NN11
WH015128,BS37
FS039221,CB4
HL040070,BS41
HL039218,LE15
UZ023297,M14
FM000649,N3
ZI065793,BT66
MO085369,CV35
DK019697,DN36
NN049778,G4
WG095724,LS6
ZG087956,DL8
AX037317,BS41
ME088158,NG34
CI002097,L74
NQ067127,SW19
PM016065,B12
ZN092177,BS14
SM068422,LE14
QY007931,SW19
RP092627,NR34
TD048468,GL54
UA011608,EC3M
PM093214,BD23
JH039110,M34
YZ006979,BT2
TI006356,AB39
GE016763,PR1
GY022426,BH21
MX042797,DN21
DO083307,SW1E
AX042155,SG4
WZ032365,B40
IU063049,SN1
PU020907,B40
VQ048428,BS37
LK001527,IV1
ZA061053,BD7
FT033801,W1F
DM021750,NE46
CG029097,LN6
SY046767,SY4
IF071841,NG22
MN054609,DN22
UR001161,LE14
UQ044000,NN4
OI099024,WC1B
AF014962,GL54
CT044510,SN13
RD092285,RG20
YT086878,DT10
PE014481,B40
PU037272,NG22
UM026190,NG22
TD099406,CT15
HT057943,CV35
VP099455,PR1
WA065296,GL54
RR094353,RH5
JR000324,IV1
UJ042699,BD23
RL027529,BS41
YP078940,BD7
MW024382,WC2H
VC006185,KW10
PX013386,LE14
YS093061,L33
OK009154,ST20
WH029764,SG4
RF032112,BD23
UI019195,CT16
LE082543,WC1B
ME073998,AB39
PY020970,SN1
IK057392,CV35
BR000413,EH9
YD016265,GU32
LH085680,B12
RC074892,BS41
OW073325,PH43
PM035846,TF6
OK025050,GU32
RR089853,CT16
HI073700,AB39
RP040536,B12
AE074840,M34
ZZ093791,LE15
SU079831,LE15
XQ062363,BS14
FZ088517,BH21
IR092227,DN22
LC072545,NN4
ZG021785,DN36
GC076996,L74
DJ065927,AB55
AR041539,LS6
ZD060688,NG34
VN020488,NN4
PM005812,RH5
FN016982,NG22
FA096242,NE46
HQ055520,L74
LG092452,SG4
BI005468,L33
UR054983,NR29
ZK063386,BS37
HK099800,SW1E
BD065123,S1
XQ091028,NE46
YK053180,WC1B
IG091868,SY4
WG049522,NG22
FC010468,LS6
ME084948,N3
YK050449,DL10
MN048244,RG20
WQ010620,AB56
RQ069631,S8
FI039531,LS9
RD030666,BT2
DL056141,RG20
UX061535,NG34
QR002438,NN11
MP054592,BT2
AG034492,CT15
LT041837,BH21
SU088002,TF6
RA089082,OX7
CN092844,W1F
FW074690,PH43
TV043812,CH48
QA049932,B12
GM070527,DN21
TR063844,AB39
WW057085,AB39
KI037478,B40
TB040589,NN11
CP013476,S1
WZ079454,GL54
AM051739,L74
IX092310,CT15
SN013438,BD23
IA036068,LN6
MR095401,BT2
FX086943,NE46
FB057994,NN11
NC078690,EH9
WH056175,CB4
WC004593,NR29
CV010333,L33
CE004322,NR29
CK017190,B40
UE052471,M14
MU089310,LS9
PC022229,NN4
PP019949,SW19
BF010861,EH52
SI095976,L33
EO020487,LE15
ZC098766,WF9
LI019958,LS9
ZZ085937,EH52
AQ073052,ST20
YF008226,DN36
DO060614,CT16
AT091114,S8
FI023849,SN1
NJ070938,PH43
IC037529,SW1E
FX049665,DN36
II096033,SN1
WI006743,EC3M
DW057634,SN1
JL079255,DL10
HV028541,LE15
EX016691,SW1E
GT070029,AB55
UW023941,WC1B
HU061929,TF6
ML031831,ST20
MF073219,WC2H
PI043259,L33
GY049387,CV35
AU060569,NR29
ID094831,CH48
QD003450,EH9
YW053778,DN22
DW050767,DT10
ID089240,L74
CQ080184,L33
BZ041321,S1
HA096928,RG20
VQ027040,SN1
ID087493,NE46
OI007963,WC1B
VR024543,EH9
LA098205,NR29
XY052137,BS37
AA032264,S33
GY004382,DN22
PW074537,WF9
BI003171,OX7
AU052946,BS37
IF009376,G4
TB032006,DT10
KB045173,LE14
PP030760,EH9
RW020820,M34
VJ077915,SN1
JO026492,WC1B
SO022847,BT66
KM058384,NN11
IV058327,ST20
ZH091699,LN6
OY080109,WC2H
YR075422,NR29
PQ067744,GU32
DJ035790,LS9
AM050336,WF9
YW049003,BH21
BQ053672,IV1
CW067537,EH52
LV015333,LE15
VY000998,SN1
NM039884,SW1E
HG006932,SG4
LD015457,L74
PD008644,SN1
AF068364,DN22
RY034149,AB56
CQ072162,LS6
JA047285,WC2H
BC022440,BH21
JU003803,DN22
SA087600,EC1V
FP047426,BS41
ND092303,BS41
DK009416,IV1
LT072133,S8
VH065209,L33
WU005739,BH21
IS056610,BT2
WZ014558,IV1
BN060023,AB39
CF022551,L74
JR084587,AB55
KT055492,ST20
QN076872,AB55
EG001806,S33
GP080695,SN13
XI079358,RH5
QE049300,GL54
CV058577,L33
QR060409,NG34
EX006718,CV35
JZ052279,B40
GG018526,LN6
OG060934,EH9
ZI040961,NR34
RD011088,PH43
GT071108,NR34
XL087175,WF9
OF089412,CH48
HE047515,DN22
NO029788,LE15
ZR036249,WC2H
EJ082693,CV35
QU079994,S8
DL051839,NN4
NC085766,CT15
EW005538,NR29
TV080716,LS9
FM023114,NG34
KT007210,LE15
EW082873,SN1
EK000927,IV1
JH033527,NR34
JE006455,S1
TQ028619,GL54
LA037404,LS6
QX046510,EC1V
WT046505,SW19
KJ061948,BS37
WL059001,PH43
RE073309,BS41
KP043102,DL8
UO043428,KW10
RG067499,BT2
NG049211,BS14
GL052309,GU32
GJ048559,SG4
HC005340,M34
TC047901,KW10
EY003057,NN4
CA073023,LS9
WY072508,EH52
MG058780,SN13
WE068806,DL10
GP060833,RH5
OE048597,BT66
TB044152,LE15
TV026953,GU32
AY033192,LN6
GJ039175,S8
RU059021,S8
MU098236,OX7
CI037729,BS37
RQ031628,SW1E
HJ066150,DN21
SP003084,SY4
MU039362,ST20
ST001444,N3
TX043140,M14
IA051365,WC1B
EW025276,RG20
FL012006,AB56
MC044239,KW10
LC054642,LE15
EK024845,BD7
IU033754,BT2
RY018496,S1
DJ036333,G4
RX097362,DN36
QP030711,SW1E
KK051391,AB55
UT051065,BT2
ED096697,PH43
CR000867,DN22
WO075307,LE14
WQ090235,GU32
WG029597,CB4
EV090988,S8
NH050930,LS9
VW090516,SG4
OL040579,SN1
ZT037653,NR34
CB019507,B40
CY088274,DT10
WP090469,M14
RX094187,RH5
RS025554,CB4
US038719,RH5
QM095982,DL8
HQ027283,LS6
LW083217,DT10
HV041002,DN21
BC028977,EC3M
EE035225,M34
OM050374,DL8
BJ094559,BD23
TO009200,RG20
KX033423,AB55
AA082773,DL10
QM006843,LS9
CY002015,NR29
MB095866,SW19
BD087403,CV35
VK090011,NE46
HP067134,PH43
EX069344,SG4
ZR074934,CV35
MC039174,LE15
FJ090447,IV1
LA010075,NR34
PS052688,ST20
DI032274,S8
RU084894,S1
UT016181,NR29
OZ047633,BD23
JK044561,LE15
TK090911,DN22
LW017568,CV35
YE030088,CH48
SE057748,BT2
HS086983,TF6
OD040124,LE15
HG011716,NN11
RE011603,CT15
LN063990,RG20
UM092344,CT15
VW089494,LS6
DV053126,NG22
XD027580,LS9
HE043550,KW10
FC025577,BD7
WT046375,BS41
HV091256,DN21
MS080154,M14
IY074206,EC1V
FY064786,B12
LB033833,NE46
VN066311,OX7
PN028495,KW10
WU008675,BS41
HU003051,BT2
NB041369,L74
TO038700,BH21
TC064656,SN13
GU016823,S8
KM086593,NN4
MH099683,CT16
EV018081,PR1
FS099822,BT66
LT015997,LE14
WO038779,W1F
GS018157,OX7
PO088578,OX12
CA096928,LS9
HH088162,W1F
QK079325,S8
IK044488,LE16
HZ012191,BD23
VZ061760,B40
GP092788,TF6
RI080750,BD23
MB086840,AB55
SL017492,G4
UF070568,BD7
KN009148,WF9
MH046457,SW1E
ND044672,NG22
NZ030429,NR29
LA082444,SG4
ZD023897,N3
NC097342,NN4
JU030897,ST20
GJ024663,SW19
YV070687,GL54
SL019932,S1
MU067042,DL8
OA066925,AB55
PZ021916,S33
ME091181,EC3M
UG065792,NG22
SC016494,SY4
AF087073,BD7
DE050551,KW10
FI067254,GU32
CH043961,M34
NS097603,W1F
SB049396,TF6
KJ060526,SW19
YZ042859,GU32
SG094546,LN6
XN086022,AB39
GS028173,CH48
XY048815,SW19
SK080811,CB4
VA030207,BT2
YN053436,LE16
ZA054835,EH9
IY079640,NR29
NK077375,DL10
AR054890,GL54
YA075130,GL54
IR062927,N3
GP024057,RG20
FI060862,DL8
BO048558,LE14
EV036539,EH9
RF083284,GL54
ZK060883,BD7
MV071256,BS14
VS044430,ST20
BO028933,ST20
RP069669,AB56
ZX071881,LE14
TW033998,RH5
IO078286,L74
DM052390,DN22
ZR028036,OX7
AN077037,WC2H
DQ071585,CV35
KU077513,G4
SX052012,CV35
LA030163,WF9
SE094765,AB56
CN068764,RG20
LI027953,CT16
CY047953,DL10
FX044955,EC1V
TK017122,EH9
CB005248,BH21
ZP022992,SN13
ZN021991,NE46
NP077748,DL10
QQ030750,NN4
CQ089859,EC3M
TP081125,DL8
VD012823,ST20
HZ002497,DL10
NG064793,AB55
LR027458,AB56
BC007575,WC2H
BD067076,RH5
KJ014419,L33
IV056248,B40
DG069693,SN1
VX020146,NG22
SH028481,ST20
OL057372,LE16
BX090922,WF9
GX093059,NE46
MY066603,DT10
EE086581,NR29
GQ049201,NR34
KE090535,LE16
BT092186,L74
IA061353,GU32
AT083923,W1F
IY086022,LN6
HG095570,AB39
ES036625,BD23
MP049210,CV35
FD062922,NN11
XI079766,BD23
YV028162,LS6
PQ087321,GU32
QK085709,WF9
EG056626,LS6
ZB079712,BT2
MW031103,OX12
KF098515,CT15
JO085947,M34
PL013734,S8
JH004642,WC2H
SK077596,AB55
UP097887,DL10
AL070706,AB39
TS039248,BS14
IZ074585,EC3M
UK092798,BD23
FJ073819,CB4
FQ031517,BS41
ZJ005396,L74
TY023864,LE15
EC008540,CV35
XL070716,CV35
DX028493,WC1B
WL041108,SW1E
VG069789,S33
OE007205,L33
QE063301,S1
SO068012,EC3M
KP028279,CH48
AD098459,L74
CS045505,W1F
ZI014714,AB56
QA056953,LE14
IX093256,S8
MR060910,DN21
FQ037375,WC1B
PF037239,BT66
BF061226,B40
AV044682,DN36
MT005037,SW19
ZW039927,OX7
KS017853,L33
CQ092154,NN11
RJ007956,M34
FI074601,GU32
ZB017744,NR29
ZY032351,S8
GV075639,WC2H
PR021913,NR29
MX013327,LS9
YX010597,GU32
KD012117,CT15
BC081311,TF6
FC090079,LS6
OW057517,BS14
TI063306,LS9
BO009057,CT16
SA064913,LS9
MZ039978,NN4
ZV068041,M34
WU080548,CV35
PD090295,PH43
CF049958,SN1
WN096386,S1
QC032956,N3
UM052413,LN6
FY037125,NN4
DC036335,EH52
VG066533,RH5
NG043212,M34
KT091083,KW10
VO027884,S33
TK032609,EC1V
HS092397,RG20
SK086363,BS14
ZS035168,OX12
HX040512,LE16
HI052344,LE15
OZ086672,PH43
YU042710,LN6
OX055828,BS41
TJ035338,CB4
JF086610,WF9
QJ071504,GL54
RO095157,L33
YQ043873,BS37
IA022601,B40
UG030160,TF6
ZO006088,CV35
ZR072207,DT10
TI069442,PH43
XD004422,PH43
SS083952,GL54
OU093695,LE15
XG009184,RG20
VM070549,IV1
FO041203,WC2H
LO018193,M34
RK099848,PH43
WG059507,DN21
CI048769,S1
ID014944,BT66
XX024240,IV1
KP033319,NG22
IF085936,BH21
NL082152,BT66
XC025583,NN4
AG091553,NG22
VD031607,BD7
BJ030424,CV35
WM002400,BD7
EE026148,L33
QR097023,N3
DX015194,LE15
YU019270,CV35
FS005124,NR29
SW058169,GL54
LX074998,WF9
CK053082,L33
WK024652,NR29
MP081425,NN11
FC009320,SW1E
YF022850,CT16
WV070252,W1F
WB080247,PH43
RA098855,SW19
DO056898,M14
ZO040225,N3
PH065280,DN22
SL049492,SW1E
OO046940,M14
OQ061879,RG20
YL041091,NR29
NS073093,NN11
OW065854,SG4
YY029352,EC3M
CN066148,CT15
PM032614,DN36
OL048370,RH5
PV077704,B40
NB008076,WC2H
NI045985,CT16
FG011686,S8
ZK017990,LE15
TW072363,SW1E
GL002868,M34
IU015861,CH48
NI092665,OX7
JT020253,EH52
QK072167,NN11
EP088407,PH43
MS053932,S8
UC089716,SY4
EW050885,W1F
ST060961,RG20
BZ073907,LS6
OS016131,NE46
QL073930,NE46
AR093864,SW1E
FE044927,DN22
LW032953,DT10
QH009639,AB55
VC036954,TF6
QO038548,LS9
UZ019741,W1F
MB046323,S33
JB089049,PR1
XC034103,LE16
HE070244,SN1
FZ028025,B12
TR016077,SG4
KS044548,NE46
VU059323,DN22
PI093946,DN22
TI069910,IV1
XG049567,LS9
CF040284,WF9
KY093175,B40
PH013376,TF6
GT026920,ST20
RZ034640,LS6
TN046535,NN11
HW014946,DL10
RI070987,BT2
MD051376,NG34
PX082957,KW10
AE091008,LE15
BL029238,EC3M
QK069817,DN21
FV057344,WC1B
MA051830,WC2H
EA052190,EC1V
DG018577,OX12
NS004965,WF9
JP078625,G4
ZS035764,BH21
FO004792,TF6
DU070019,ST20
CQ084349,M34
NG073978,NG34
VM074684,NG34
GA013633,B12
QU016275,WC1B
BO029613,OX12
RY099619,EC3M
EP070767,WC2H
OO066827,RG20
YB085573,SG4
BY098474,S33
KT006172,EC1V
NA055533,DN21
EM054311,DN22
YJ089375,AB56
FJ007138,DT10
OU065758,WC2H
HH002253,M34
MN041632,S8
EK019608,PH43
UG048514,SY4
JM022459,PR1
TD066264,DL8
TL077762,NN11
VH053552,BH21
JA070984,WC1B
FZ032686,WC2H
FC033048,B40
NH097945,EH9
ZK060914,WC1B
VD043298,BT2
TH016991,SY4
CF065346,WC2H
ZN044783,M14
BD029398,CV35
UA057600,LN6
ZB001882,SW19
LR071683,WC2H
OS062407,BD23
CY085456,PR1
KR081746,PR1
WM078818,ST20
OZ007864,DT10
NC021615,LN6
LC067891,S1
QN007877,SN13
ZS028927,BD23
GI079562,BD23
BW006890,S33
AR097815,OX12
YW031560,B12
EM041491,DN36
BM028733,W1F
ST006986,AB55
DD079461,EH9
FD018066,BD23
ST031049,BT2
GU050689,LE14
LZ044000,DL8
UB079899,AB55
SN048027,M34
RZ079061,S8
NT011301,BD23
YA056194,S1
WC000744,G4
NW010667,BD23
IZ040196,BD7
RY046148,W1F
QC023459,WC2H
JX020792,DT10
ZZ033202,EH52
WX059836,NG34
IK074761,PR1
PS051354,IV1
IH031950,NR34
JM053115,CT15
XH025814,LS9
HO019535,SY4
CG088679,NN4
YM016322,M34
LY041824,SY4
LT093619,LE14
QO013427,GL54
WV053876,N3
VJ003572,LE15
JW011871,WC2H
MK081557,AB39
UZ052444,LE15
PF038489,EH9
DC047266,W1F
MM063098,KW10
RA082283,SN1
UN070146,EC1V
OB014286,NE46
HC084856,BD23
FB082958,NN4
QL067994,RG20
YG019226,OX7
ZG044495,L33
WU005941,WC2H
DN088541,SW1E
RW088765,PH43
YP098197,NN4
NA011303,BD23
DY064262,GU32
YK002654,TF6
AB092555,SN1
UY005001,GU32
OG061977,DT10
YC058679,CV35
QR065970,N3
RQ096077,WC2H
NY049268,CB4
OS020139,WC2H
UQ089950,N3
VB001957,B40
LR077329,NG34
CM046960,CV35
HV018059,BS37
NA036698,BT66
CP044965,DN22
WC023216,WC2H
AF072209,CV35
YA047157,BD7
CE004151,W1F
JG097941,B12
KA019970,CT15
VJ028289,EH52
SC014154,SW1E
PO051840,NN11
YD052057,NN4
IG063677,NR34
XE067648,NR29
RS028872,EC3M
UB067995,OX7
ZI098016,M14
ZK001268,BS37
KT037446,SN1
UN055096,S33
TP059758,SW1E
WH010152,CH48
DR012165,SW19
HG065810,SG4
PU069170,SN1
WT058286,WC1B
RH030322,CV35
TC035481,KW10
ZQ005480,WF9
VR060474,PR1
YD003006,BT66
EX088207,OX7
CY025172,BS37
QT044564,B40
YT004530,DN21
JY011577,SY4
YN022030,AB56
HR079162,L33
WQ078606,AB55
IN023389,RH5
ZY052030,SN1
AO032434,LE14
OU059972,M34
RN019727,BD23
GH010525,ST20
EQ019563,DL10
HX021080,LE15
RV069987,RH5
FX045804,B12
WT075805,GU32
SX079007,BT2
BW029792,CH48
DZ090884,DL8
YX046571,SN13
DY058096,IV1
YU072726,G4
SS009770,WC2H
SU042455,SW19
NQ046524,OX7
BG073142,NN11
AI033136,CB4
NK039641,LE14
QG016013,LE16
IS034813,AB56
HH028402,GL54
QE006265,N3
RL017752,BH21
AM048144,EH52
MW029835,DL10
FO018903,NE46
YV099173,AB56
JB029525,EC3M
PL027931,AB56
SQ041732,BD23
RX050906,NN4
TW056855,BT66
WB093781,LE16
DU067138,PH43
EX025743,OX12
IJ064580,LN6
GI072825,LE16
XQ074995,NR29
ZL079039,OX12
QU018207,M34
QK062214,B40
WO082294,PH43
UL041715,ST20
KM031739,CH48
FC032636,DT10
LA028763,BD7
KQ036223,LE16
HB066379,B12
CF045046,B12
IW015145,NR29
HT074679,NG34
SF010331,KW10
CA097478,LE16
DM088657,PH43
AY007463,LS6
WJ075313,BT66
BY000645,WC2H
YY066124,TF6
QB072843,BD23
FM017162,LN6
KN022345,L33
OA062579,DN22
DX039478,M14
MF006009,KW10
FQ000528,NN11
VM048942,BH21
LE032482,RG20
HA069248,EC3M
PA017503,NG22
MG088001,SG4
PC099530,M34
XE094018,DL10
QU087388,CV35
OC065566,LN6
WL062350,DN36
SD002898,SG4
KV009464,BH21
SK062654,CT16
PL048663,NN4
GG001675,GL54
HN065686,EH9
WS083002,ST20
ND092128,G4
MR034148,BT66
QZ037331,SN1
WY016116,B12
HZ014416,LN6
UH084352,BT2
TQ083990,SN1
HT072634,IV1
NS033469,DN22
NJ066383,ST20
GG024660,BH21
WW097282,KW10
HD002706,W1F
FM062393,CH48
WD022327,BT2
KR048209,OX7
LK027169,WC1B
ZN087317,NE46
YB075027,S33
BL031724,SN13
NK049074,LE16
ZA022712,OX12
YZ002599,BD23
UW090684,CT15
XQ070266,EC3M
ON002160,DL8
DT032715,EH52
JM089127,L74
BH012184,DN22
ON062660,NR34
DX003902,PR1
DR089220,SW1E
NH020821,NR29
VY086631,LN6
MN006864,PR1
TA055100,NR29
TQ028593,BD23
HE073166,CV35
WJ020117,EC1V
ED098042,SW1E
YS053173,KW10
QB076560,EC1V
XH011174,DN36
DL081584,S33
OG071109,WC1B
NN060679,S8
XV089605,EC3M
LG092675,BD7
YX096257,IV1
TF049332,OX12
BX044593,WC2H
FE085390,L74
IG009406,WC1B
KB036902,WC2H
KZ005797,NN4
UJ027594,CB4
SB083069,W1F
GU089133,BD23
RN026363,DT10
WN064607,GU32
NR077634,IV1
NE056811,DN22
LO067783,GU32
MI002145,DN22
AY095623,WF9
ZQ085286,RH5
KK083551,CT15
QL072242,BD7
IU062654,SW1E
EQ005180,AB39
OD029467,EH52
WQ006977,GL54
UO066411,BT2
KS015006,OX7
RB043281,AB39
VA033425,LS9
QJ057888,S33
JV099782,EH9
TC072019,LN6
ZZ074998,NG34
XV006851,SN1
EQ061166,NE46
RN084510,L74
XM056519,LE14
MU065265,NR34
HR020563,RH5
AK090965,BT2
AL097423,EH9
GT082333,LS9
JD027175,GL54
TX041364,LE15
KZ012114,SW1E
QB010490,SN1
EZ094772,G4
VT060647,NG34
SL086802,NN4
IU015642,PH43
DY098312,NN4
FJ060517,NE46
LC026979,SY4
GQ025761,SW19
SC070403,DN22
LW001842,EH9
IA007464,SY4
AR041676,M34
PU063205,LN6
RW072550,DN22
RK054156,AB56
KX031873,CB4
ZE034909,CT15
ZW034737,LS6
EL013253,S1
ER043136,W1F
GN098386,NE46
XL005038,GU32
CE052750,OX7
EZ080288,L74
JE023225,EC3M
BR070441,B12
NB005131,CV35
HK002928,SW1E
NX010417,EH52
WG056381,DN21
BN069579,GU32
VH033717,EC1V
ZM043683,WF9
ZT087785,N3
BJ079548,L33
OO027396,BD7
YF058145,NN11
HJ042669,L74
MC002765,BD23
WJ053963,BT2
CB028857,L33
OB076825,AB39
JG092128,GU32
KW040303,CB4
XA032463,NN4
CY057205,EH52
MV006991,DN22
SF059820,DL10
FF057667,ST20
RO066685,NG34
EM052018,BD23
PT068163,BD23
II024574,SG4
VW064314,CT16
DM054968,SN1
SG030092,CB4
MG061805,AB55
HC050772,WC1B
JW074427,CT16
JT017504,S8
HB033101,S33
AS034510,CV35
VT024476,S33
LL061291,GU32
BK068877,BS14
LY092549,CT15
DW089170,CH48
CW032193,LE16
FO038863,BS37
GF045940,LE16
YK010453,DN22
HT059936,BD7
XY044723,CV35
XB046740,BD7
PQ059164,KW10
XL040496,L74
LW072356,TF6
QF008699,NG34
YS077794,RH5
VS001833,BS41
JZ051152,BS41
UF069653,S8
DH006479,ST20
SG017248,CH48
AD051865,LE15
ZW068022,EC3M
NC019398,LE14
AT021362,W1F
YB066562,M14
IP005782,SW19
YV023058,OX7
AG087870,N3
QP071395,EC1V
XI066233,DN36
TL091962,KW10
UY037874,PH43
JA042747,BS37
RR059936,LN6
NB030077,PH43
RM032097,DL10
DX063428,LE15
QP011875,G4
LU028921,DN36
OK095667,BT2
VB012725,OX7
AF081820,SN13
BY047224,L74
EM023972,LS9
AU081700,GU32
XF002546,SW19
AU017148,BH21
GG008002,WF9
JJ071085,DT10
EX060682,DN21
PO008660,ST20
UP098712,NR29
IC081222,CV35
ES017219,NR29
UG003207,WC2H
IR071120,OX12
KD057640,EC3M
SL020843,DL8
CX040123,BT66
HG089408,DN21
VT048970,RH5
LP059975,DN36
NH080841,EH52
VJ025026,N3
WT052079,OX7
PN052596,BT2
BY076152,RH5
QL031793,LE15
JS031511,AB39
FK096609,CH48
OT028288,LE15
UE097745,LS6
DT071239,DT10
YI058954,BT2
SY093940,CV35
BI026710,NR34
TL018333,N3
BU085042,DT10
VS079989,EH9
OZ024804,S33
WR079096,RH5
SA091078,CT15
HH088232,BT2
IA065789,RH5
IL046915,NR29
KA040416,AB55
OG056473,WC2H
OG051514,BD7
LL080201,EH9
UR084798,SN1
QC056257,M14
WF014444,LS9
IX042657,BH21
UL016776,GU32
HO000508,BS14
LV007938,B12
FO052369,DN22
IV091271,BH21
VT030308,LN6
EB065659,NN4
TX036866,EC1V
WM040204,KW10
MI068402,B12
KL097380,BD23
AT010021,M14
BX010947,CV35
IQ015428,SN1
JB049033,BD7
ZM086764,AB55
TQ072775,CH48
FX054353,SN1
SD020387,SN13
OZ044834,BD7
LO057168,M14
RN085260,OX12
FS084566,DN21
QN076911,OX7
DD085823,WF9
BF065767,SW1E
NH080945,TF6
AZ068639,B40
TL019386,M14
IO065426,BS41
SZ095744,LE16
PM023556,SW19
CF003718,S33
BJ045995,AB55
ZQ078542,NR34
DU016170,PR1
SG044935,AB55
TP082193,LS9
YV014970,WC1B
GS076409,IV1
FD009877,BD23
YR020187,CH48
AF014335,EH52
SQ055699,WC2H
